postal_code,latitude,longitude
99504.0,61.2037,-149.7447
99515.0,61.1194,-149.8974
99507.0,61.1535,-149.8289
99504.0,61.2037,-149.7447
99517.0,61.1901,-149.9361
99577.0,61.3114,-149.5085
99701.0,64.8378,-147.7164
99705.0,64.7805,-147.3694
99669.0,60.4818,-151.1358
99654.0,61.5923,-149.3959
99654.0,61.5923,-149.3959
35007.0,33.1934,-86.7944
35007.0,33.1934,-86.7944
35950.0,34.2739,-86.2064
35010.0,32.9164,-85.9368
36420.0,31.2971,-86.4905
36201.0,33.6539,-85.8382
35611.0,34.8036,-86.9707
36502.0,31.0572,-87.4873
36832.0,32.592,-85.5189
36507.0,30.8635,-87.7644
36509.0,30.408,-88.2507
35022.0,33.3224,-86.9657
35020.0,33.409,-86.9475
35235.0,33.6328,-86.6493
35233.0,33.5062,-86.8003
35210.0,33.5452,-86.6655
35215.0,33.6493,-86.7057
35209.0,33.4653,-86.8082
35210.0,33.5452,-86.6655
35206.0,33.5678,-86.7199
35034.0,32.9357,-87.2114
36426.0,31.1294,-87.0961
35040.0,33.1098,-86.756
35960.0,34.1116,-85.6092
35043.0,33.2982,-86.6563
35055.0,34.1761,-86.8298
36322.0,31.2811,-85.7305
35601.0,34.5896,-86.9887
35603.0,34.5484,-87.0004
35601.0,34.5896,-86.9887
36301.0,31.1481,-85.3718
36303.0,31.2668,-85.3971
36303.0,31.2668,-85.3971
36323.0,31.4137,-86.0777
36330.0,31.3408,-85.8421
36027.0,31.9051,-85.1656
36441.0,31.0402,-87.2664
35630.0,34.8305,-87.656
36535.0,30.4007,-87.6857
35967.0,34.4368,-85.7124
35068.0,33.6017,-86.8265
35903.0,33.9845,-85.9077
36340.0,31.0414,-85.8847
35974.0,34.3592,-86.024
36037.0,31.81,-86.6229
36542.0,30.2717,-87.7589
35565.0,34.2314,-87.5938
35570.0,34.1534,-88.0085
35640.0,34.4482,-86.9242
36345.0,31.3534,-85.3323
35080.0,33.2663,-86.902
35244.0,33.3538,-86.8254
35226.0,33.3967,-86.8346
35023.0,33.468,-87.0924
35803.0,34.6205,-86.551
35811.0,34.7789,-86.5438
35810.0,34.7784,-86.6091
35802.0,34.6679,-86.5603
35816.0,34.7389,-86.6249
35806.0,34.7448,-86.6704
35210.0,33.5452,-86.6655
36545.0,31.5131,-87.8672
36265.0,33.831,-85.7752
35501.0,33.8312,-87.2775
35085.0,32.9805,-86.7181
35645.0,34.9016,-87.5082
36049.0,31.7074,-86.2566
35758.0,34.7108,-86.7425
35758.0,34.7108,-86.7425
35758.0,34.7108,-86.7425
35759.0,34.8618,-86.5789
36054.0,32.4995,-86.3641
36606.0,30.6729,-88.1009
36609.0,30.6605,-88.1618
36695.0,30.6474,-88.2292
36688.0,30.6962,-88.1821
36608.0,30.6817,-88.2945
36618.0,30.7322,-88.1758
36460.0,31.5153,-87.341
35115.0,33.1248,-86.8622
36117.0,32.3736,-86.1833
36116.0,32.3129,-86.2421
36106.0,32.3543,-86.2673
36117.0,32.3736,-86.1833
36116.0,32.3129,-86.2421
35650.0,34.5058,-87.2224
35661.0,34.7561,-87.6304
35121.0,33.9259,-86.4741
36801.0,32.6454,-85.3783
36801.0,32.6454,-85.3783
36467.0,31.2799,-86.2571
36561.0,30.281,-87.5815
35763.0,34.6215,-86.4644
36203.0,33.5815,-85.8328
36867.0,32.4978,-85.0234
36867.0,32.4978,-85.0234
36066.0,32.4787,-86.43
36067.0,32.4715,-86.4831
35906.0,33.9318,-86.0898
35986.0,34.4989,-85.8446
36274.0,33.1512,-85.3722
36567.0,30.5616,-87.6373
35652.0,34.8495,-87.3237
35653.0,34.5066,-87.7257
36571.0,30.8332,-88.0934
35769.0,34.618,-86.0562
36703.0,32.4156,-87.0135
36701.0,32.4197,-87.0245
36375.0,31.0956,-85.583
36527.0,30.6959,-87.8867
35146.0,33.7386,-86.4394
35150.0,33.1717,-86.2713
35160.0,33.4354,-86.1134
36078.0,32.551,-85.8978
36582.0,30.5444,-88.1807
36784.0,31.9067,-87.7598
36081.0,31.7945,-85.9655
35173.0,33.6339,-86.5981
35487.0,33.3072,-87.5859
35406.0,33.2722,-87.536
35401.0,33.1969,-87.5627
36083.0,32.4316,-85.6861
36854.0,32.8113,-85.1749
36092.0,32.5927,-86.2153
35594.0,33.9303,-87.7972
72921.0,35.5,-94.2073
71923.0,34.1153,-93.069
72513.0,36.2201,-91.6421
71822.0,33.6787,-94.1351
72501.0,35.7826,-91.6352
72012.0,35.0937,-91.9074
72714.0,36.4676,-94.2166
72019.0,34.604,-92.6259
72015.0,34.4933,-92.5896
72616.0,36.3519,-93.5587
72315.0,35.9273,-89.919
72021.0,34.8781,-91.1886
72022.0,34.6068,-92.492
72022.0,34.6068,-92.492
72023.0,34.9457,-92.0318
72719.0,36.367,-94.3089
72830.0,35.4908,-93.4911
72031.0,35.6045,-92.4758
72032.0,35.0842,-92.4236
72035.0,35.1053,-92.3549
72032.0,35.0842,-92.4236
72034.0,35.0823,-92.4683
72834.0,35.1955,-93.1873
71832.0,34.0442,-94.3386
71639.0,33.8921,-91.4861
72331.0,35.2799,-90.4503
71730.0,33.2073,-92.6629
72632.0,36.4175,-93.7379
72704.0,36.0877,-94.3093
72701.0,36.052,-94.1534
72634.0,36.2682,-92.578
71742.0,33.8176,-92.4225
72335.0,35.0091,-90.7886
72901.0,35.3653,-94.411
72901.0,35.3653,-94.411
72903.0,35.3427,-94.3784
72903.0,35.3427,-94.3784
72058.0,35.2295,-92.3578
72936.0,35.1955,-94.253
72601.0,36.2417,-93.1062
72601.0,36.2417,-93.1062
72543.0,35.5103,-92.0392
71801.0,33.6736,-93.6068
71913.0,34.5317,-93.0638
71913.0,34.5317,-93.0638
72740.0,36.1043,-93.7279
72076.0,34.919,-92.1419
72401.0,35.833,-90.6965
72401.0,35.833,-90.6965
72209.0,34.6725,-92.3529
72211.0,34.7413,-92.4222
72211.0,34.7413,-92.4222
72223.0,34.7902,-92.5044
72210.0,34.7076,-92.466
72206.0,34.6836,-92.2776
72204.0,34.7269,-92.344
72205.0,34.751,-92.3455
72745.0,36.2554,-94.1308
71753.0,33.2647,-93.2392
72113.0,34.8491,-92.4059
72106.0,34.9669,-92.4001
71953.0,34.5814,-94.221
71655.0,33.625,-91.7948
72110.0,35.1692,-92.7354
72653.0,36.3312,-92.3753
72560.0,35.8208,-92.0389
71852.0,33.9576,-93.8707
72112.0,35.5988,-91.2571
72117.0,34.7658,-92.1524
72118.0,34.8337,-92.3289
72949.0,35.5246,-93.8374
72450.0,36.06,-90.5251
72751.0,36.4539,-94.118
71601.0,34.209,-91.9859
71603.0,34.1897,-92.0448
71857.0,33.804,-93.3725
72756.0,36.3363,-94.1148
72758.0,36.3169,-94.1545
72801.0,35.2842,-93.1315
72143.0,35.2436,-91.7317
72150.0,34.3165,-92.3657
72120.0,34.8807,-92.2303
72762.0,36.1835,-94.1762
72764.0,36.1716,-94.0428
72160.0,34.4854,-91.5487
71854.0,33.431,-93.8765
71854.0,33.431,-93.8765
72472.0,35.5882,-90.562
72956.0,35.454,-94.3278
72958.0,34.9026,-94.0772
72476.0,36.0244,-90.9288
71671.0,33.614,-92.0778
72301.0,35.1484,-90.1779
71602.0,34.274,-92.091
72396.0,35.233,-90.793
85120.0,33.3931,-111.5768
85392.0,33.4777,-112.3093
85323.0,33.4321,-112.3438
85326.0,33.3703,-112.5838
85326.0,33.3703,-112.5838
85396.0,33.468,-112.4787
86442.0,35.106,-114.5947
86442.0,35.106,-114.5947
85122.0,32.8905,-111.754
85225.0,33.3105,-111.8239
85224.0,33.3301,-111.8632
85286.0,33.2711,-111.8311
85226.0,33.3092,-111.9198
85248.0,33.2509,-111.8593
85249.0,33.2414,-111.7745
85226.0,33.3092,-111.9198
85225.0,33.3105,-111.8239
86503.0,36.1304,-109.6037
86323.0,34.7757,-112.4731
85128.0,32.9574,-111.5344
86326.0,34.7055,-112.0091
85333.0,32.8679,-113.4631
85607.0,31.3511,-109.5447
85131.0,32.7509,-111.5833
86011.0,35.1981,-111.6513
86001.0,35.1859,-111.662
86001.0,35.1859,-111.662
86426.0,35.0052,-114.5687
85268.0,33.6085,-111.7237
85297.0,33.2781,-111.7096
85296.0,33.3354,-111.7406
85302.0,33.5675,-112.1753
85307.0,33.5376,-112.3137
85301.0,33.5311,-112.1767
85308.0,33.6539,-112.1694
85301.0,33.5311,-112.1767
85302.0,33.5675,-112.1753
85501.0,33.4024,-110.7892
85338.0,33.4368,-112.3834
85338.0,33.4368,-112.3834
85614.0,31.8543,-111.0003
86025.0,34.9085,-110.1434
86401.0,35.1328,-113.7033
86401.0,35.1328,-113.7033
86403.0,34.4814,-114.3483
86404.0,34.5575,-114.3307
85339.0,33.3436,-112.1716
85139.0,32.9576,-112.0534
85201.0,33.4317,-111.8469
85210.0,33.3887,-111.8428
85202.0,33.3851,-111.8724
85201.0,33.4317,-111.8469
85204.0,33.3992,-111.7896
85204.0,33.3992,-111.7896
85213.0,33.4367,-111.7731
85215.0,33.4707,-111.7188
85206.0,33.4026,-111.7242
85209.0,33.3782,-111.6406
85207.0,33.4321,-111.6426
85621.0,31.377,-110.9435
86040.0,36.9147,-111.4558
85344.0,34.15,-114.2891
85541.0,34.2198,-111.2878
85382.0,33.6308,-112.2072
85383.0,33.7169,-112.238
85383.0,33.7169,-112.238
85345.0,33.5761,-112.2344
85345.0,33.5761,-112.2344
85029.0,33.5961,-112.1199
85009.0,33.4564,-112.1284
85022.0,33.6315,-112.052
85015.0,33.5082,-112.1011
85015.0,33.5082,-112.1011
85027.0,33.6819,-112.0996
85003.0,33.4511,-112.0774
85032.0,33.6238,-112.0044
85023.0,33.6324,-112.1118
85006.0,33.465,-112.0474
85028.0,33.5851,-112.0087
85048.0,33.316,-112.0669
85086.0,33.8155,-112.1202
85018.0,33.4958,-111.9883
85019.0,33.5123,-112.1417
85022.0,33.6315,-112.052
85018.0,33.4958,-111.9883
85040.0,33.4061,-112.0265
85031.0,33.4939,-112.1696
85040.0,33.4061,-112.0265
85015.0,33.5082,-112.1011
85016.0,33.5021,-112.0305
85033.0,33.4944,-112.2132
85035.0,33.4724,-112.1832
85021.0,33.56,-112.0927
85033.0,33.4944,-112.2132
86305.0,34.8185,-112.9584
86314.0,34.6019,-112.3264
85142.0,33.2487,-111.6343
85140.0,33.1911,-111.528
85143.0,33.1911,-111.528
85142.0,33.2487,-111.6343
85546.0,32.8295,-109.6266
85348.0,33.7481,-113.5715
85349.0,32.487,-114.7822
85259.0,33.5879,-111.8404
85254.0,33.6165,-111.9554
85257.0,33.4669,-111.9151
85901.0,34.2998,-110.0
85635.0,31.5365,-110.2666
85635.0,31.5365,-110.2666
85635.0,31.5365,-110.2666
85351.0,33.6061,-112.2797
85374.0,33.63,-112.3314
85379.0,33.6021,-112.3736
85374.0,33.63,-112.3314
85939.0,34.439,-110.0858
85283.0,33.3665,-111.9312
85282.0,33.3917,-111.9249
85281.0,33.4227,-111.9261
85282.0,33.3917,-111.9249
85353.0,33.4347,-112.2774
85353.0,33.4347,-112.2774
85354.0,33.4228,-112.9528
85713.0,32.1941,-110.9739
85745.0,32.2434,-111.0179
85746.0,32.1422,-111.0506
85719.0,32.2474,-110.9491
85706.0,32.1392,-110.9451
85714.0,32.1707,-110.9719
85741.0,32.3472,-111.0419
85705.0,32.2691,-110.9845
85705.0,32.2691,-110.9845
85712.0,32.25,-110.8869
85718.0,32.3112,-110.9179
85711.0,32.2127,-110.8829
85710.0,32.2138,-110.824
85710.0,32.2138,-110.824
85741.0,32.3472,-111.0419
85747.0,32.0984,-110.7272
85743.0,32.3366,-111.1771
85730.0,32.181,-110.819
85748.0,32.215,-110.7758
86023.0,35.9421,-112.1309
85358.0,33.9686,-112.7296
85643.0,32.373,-109.8631
86046.0,35.5434,-112.1707
86515.0,35.6676,-109.0784
86047.0,35.0242,-110.6974
85367.0,32.6566,-114.4042
85365.0,32.7093,-114.4905
85364.0,32.7015,-114.6424
85365.0,32.7093,-114.4905
94501.0,37.7706,-122.2648
91803.0,34.0745,-118.1434
91901.0,32.8282,-116.7543
91001.0,34.1912,-118.1392
92802.0,33.8085,-117.9228
92806.0,33.8356,-117.8681
92802.0,33.8085,-117.9228
92806.0,33.8356,-117.8681
92804.0,33.8186,-117.9729
92802.0,33.8085,-117.9228
92802.0,33.8085,-117.9228
92801.0,33.8428,-117.9546
94509.0,37.9939,-121.8089
94531.0,37.9658,-121.7758
92308.0,34.4698,-117.1927
92307.0,34.5291,-117.2132
92308.0,34.4698,-117.1927
91006.0,34.1324,-118.0264
91006.0,34.1324,-118.0264
90701.0,33.8654,-118.0731
93203.0,35.1966,-118.8336
95301.0,37.3489,-120.6028
95301.0,37.3489,-120.6028
91702.0,34.1248,-117.9031
91702.0,34.1248,-117.9031
92309.0,35.3606,-116.0638
92309.0,35.3606,-116.0638
93311.0,35.3039,-119.1056
93307.0,35.3275,-118.9839
93308.0,35.4244,-119.0433
93304.0,35.3396,-119.0218
93306.0,35.3867,-118.9391
93313.0,35.2974,-119.0509
93306.0,35.3867,-118.9391
93309.0,35.3384,-119.0627
93309.0,35.3384,-119.0627
93309.0,35.3384,-119.0627
93312.0,35.3935,-119.1205
93312.0,35.3935,-119.1205
93311.0,35.3039,-119.1056
91706.0,34.0964,-117.9682
92220.0,33.9282,-116.8899
92311.0,34.8914,-117.0387
90201.0,33.9653,-118.1515
90201.0,33.9653,-118.1515
90706.0,33.8867,-118.1265
92227.0,32.9792,-115.5296
92821.0,33.9291,-117.8845
90621.0,33.8772,-117.9893
90621.0,33.8772,-117.9893
90621.0,33.8772,-117.9893
91504.0,34.2001,-118.3264
91505.0,34.169,-118.3442
92231.0,32.6832,-115.5028
93010.0,34.2313,-119.0464
91303.0,34.1993,-118.5983
91303.0,34.1993,-118.5983
91351.0,34.4262,-118.449
90746.0,33.8584,-118.2554
90746.0,33.8584,-118.2554
90746.0,33.8584,-118.2554
90745.0,33.823,-118.2684
90745.0,33.823,-118.2684
91384.0,34.4827,-118.6254
92234.0,33.8098,-116.4665
95307.0,37.5833,-120.9496
90703.0,33.8669,-118.0686
91311.0,34.2583,-118.5914
91710.0,34.0125,-117.6844
91710.0,34.0125,-117.6844
91709.0,33.9797,-117.7308
91914.0,32.6587,-116.9652
91911.0,32.6084,-117.0565
91910.0,32.6371,-117.0676
95610.0,38.6946,-121.2692
95610.0,38.6946,-121.2692
93611.0,36.8253,-119.6802
92236.0,33.675,-116.1772
94014.0,37.6875,-122.4388
92324.0,34.0315,-117.2874
90220.0,33.8748,-118.2402
90220.0,33.8748,-118.2402
92882.0,33.8419,-117.6043
92883.0,33.7541,-117.474
92882.0,33.8419,-117.6043
92880.0,33.9208,-117.6096
92627.0,33.6483,-117.9155
92626.0,33.6801,-117.9085
92626.0,33.6801,-117.9085
91722.0,34.0972,-117.9065
91723.0,34.086,-117.8843
95531.0,41.7817,-124.1332
90230.0,33.9949,-118.3991
90230.0,33.9949,-118.3991
90230.0,33.9949,-118.3991
90630.0,33.8181,-118.0357
95618.0,38.5449,-121.7405
93215.0,35.7715,-119.2459
92240.0,33.9531,-116.5219
91765.0,34.0066,-117.8098
90240.0,33.9581,-118.1174
90242.0,33.9218,-118.1395
90242.0,33.9218,-118.1395
94568.0,37.7166,-121.9226
90022.0,34.0245,-118.1561
92020.0,32.7928,-116.9665
92021.0,32.8178,-116.9223
92019.0,32.7777,-116.9191
92243.0,32.7893,-115.5665
95762.0,38.685,-121.068
91732.0,34.0705,-118.0149
95758.0,38.4243,-121.437
95758.0,38.4243,-121.437
95758.0,38.4243,-121.437
92024.0,33.0535,-117.2689
92029.0,33.0895,-117.1128
92027.0,33.1388,-117.052
92026.0,33.1605,-117.0978
95501.0,40.7938,-124.1573
94533.0,38.2671,-122.0357
94533.0,38.2671,-122.0357
92028.0,33.369,-117.229
95630.0,38.6709,-121.1529
92337.0,34.0498,-117.4706
92337.0,34.0498,-117.4706
92336.0,34.1173,-117.4378
92336.0,34.1173,-117.4378
92335.0,34.0794,-117.4551
92336.0,34.1173,-117.4378
92337.0,34.0498,-117.4706
92335.0,34.0794,-117.4551
92610.0,33.6748,-117.6649
92310.0,35.2625,-116.6966
92708.0,33.7102,-117.9503
94538.0,37.5308,-121.9712
94538.0,37.5308,-121.9712
93706.0,36.6486,-119.9987
93705.0,36.7863,-119.8286
93721.0,36.7377,-119.7843
93726.0,36.7949,-119.7604
93726.0,36.7949,-119.7604
93722.0,36.7918,-119.8801
93727.0,36.7528,-119.7061
93722.0,36.7918,-119.8801
93720.0,36.8579,-119.7655
93720.0,36.8579,-119.7655
92832.0,33.868,-117.9265
92832.0,33.868,-117.9265
92840.0,33.7869,-117.9273
92843.0,33.7671,-117.929
92840.0,33.7869,-117.9273
92845.0,33.7787,-118.0267
92843.0,33.7671,-117.929
90247.0,33.8925,-118.2961
90247.0,33.8925,-118.2961
95020.0,37.0139,-121.5773
91204.0,34.1379,-118.2599
91201.0,34.1716,-118.2899
91740.0,34.1287,-117.8552
91344.0,34.2771,-118.4992
91344.0,34.2771,-118.4992
91745.0,33.9977,-117.9652
93230.0,36.3314,-119.6491
93230.0,36.3314,-119.6491
90250.0,33.9143,-118.3493
90250.0,33.9143,-118.3493
90250.0,33.9143,-118.3493
90250.0,33.9143,-118.3493
94541.0,37.674,-122.0894
94541.0,37.674,-122.0894
94541.0,37.674,-122.0894
92543.0,33.7416,-116.973
92544.0,33.739,-116.9243
92545.0,33.7399,-117.0151
92345.0,34.4222,-117.3025
92345.0,34.4222,-117.3025
92346.0,34.1283,-117.2087
90028.0,34.1005,-118.3254
92647.0,33.721,-118.0033
92648.0,33.6773,-118.0051
92647.0,33.721,-118.0033
92647.0,33.721,-118.0033
92646.0,33.6654,-117.9686
90255.0,33.9769,-118.2161
90255.0,33.9769,-118.2161
92201.0,33.7207,-116.2168
90302.0,33.9745,-118.3548
90303.0,33.9377,-118.3321
90301.0,33.955,-118.3556
90303.0,33.9377,-118.3321
92606.0,33.6951,-117.8224
92602.0,33.7419,-117.7467
90631.0,33.9331,-117.9493
91942.0,32.7835,-117.0189
91941.0,32.7604,-117.0115
90638.0,33.9067,-118.0101
91744.0,34.0289,-117.9373
91744.0,34.0289,-117.9373
92253.0,33.6685,-116.3081
91750.0,34.1159,-117.7708
92694.0,33.5472,-117.6238
92653.0,33.5916,-117.6985
92530.0,33.6598,-117.3485
92530.0,33.6598,-117.3485
92530.0,33.6598,-117.3485
92630.0,33.6437,-117.6868
90715.0,33.8405,-118.0767
90713.0,33.8473,-118.1115
93535.0,34.7131,-117.8783
93536.0,34.7471,-118.3687
93536.0,34.7471,-118.3687
93534.0,34.6909,-118.1491
95330.0,37.8209,-121.2827
93245.0,36.2682,-119.8173
93245.0,36.2682,-119.8173
95648.0,38.8942,-121.2908
95242.0,38.1308,-121.3345
90717.0,33.7938,-118.3172
93436.0,34.6583,-120.4506
90805.0,33.8635,-118.1801
90802.0,33.7706,-118.182
90813.0,33.782,-118.1835
90806.0,33.8045,-118.1876
90803.0,33.7619,-118.1341
90804.0,33.7857,-118.1357
90808.0,33.8241,-118.1103
90815.0,33.7939,-118.1192
90807.0,33.8315,-118.1811
90815.0,33.7939,-118.1192
90805.0,33.8635,-118.1801
90802.0,33.7706,-118.182
90044.0,33.9551,-118.2901
90037.0,34.003,-118.2863
90034.0,34.029,-118.4005
90059.0,33.9293,-118.2463
90001.0,33.9731,-118.2479
90006.0,34.0493,-118.2917
90015.0,34.0434,-118.2716
90035.0,34.0531,-118.3806
90047.0,33.9569,-118.3073
90007.0,34.0294,-118.2871
90026.0,34.0766,-118.2646
90016.0,34.0298,-118.3528
90041.0,34.1339,-118.2082
90063.0,34.0451,-118.1859
90016.0,34.0298,-118.3528
90008.0,34.0116,-118.3411
90004.0,34.0762,-118.3029
90063.0,34.0451,-118.1859
90065.0,34.1073,-118.2266
90011.0,34.0079,-118.2582
90008.0,34.0116,-118.3411
90029.0,34.09,-118.2944
90019.0,34.0482,-118.3343
90032.0,34.0818,-118.1753
90022.0,34.0245,-118.1561
90028.0,34.1005,-118.3254
90043.0,33.9871,-118.3321
90045.0,33.9631,-118.3941
90059.0,33.9293,-118.2463
90045.0,33.9631,-118.3941
90014.0,34.0443,-118.2509
90003.0,33.9653,-118.2727
93635.0,37.0627,-120.8544
93635.0,37.0627,-120.8544
93249.0,35.6163,-119.6943
90262.0,33.9241,-118.2013
90262.0,33.9241,-118.2013
93638.0,37.0402,-120.0335
93637.0,36.9403,-120.082
90266.0,33.8896,-118.3996
95336.0,37.8134,-121.2132
93933.0,36.6849,-121.7934
93933.0,36.6849,-121.7934
95901.0,39.1663,-121.5105
92584.0,33.6647,-117.1743
92584.0,33.6647,-117.1743
94025.0,37.4396,-122.1864
95348.0,37.3302,-120.508
95035.0,37.4352,-121.895
95035.0,37.4352,-121.895
91752.0,33.9938,-117.5236
92691.0,33.6128,-117.6622
92691.0,33.6128,-117.6622
95350.0,37.6746,-121.0113
95355.0,37.6717,-120.9482
95357.0,37.6693,-120.8817
95356.0,37.7005,-121.0252
90640.0,34.0133,-118.113
93940.0,36.5802,-121.8443
92557.0,33.9553,-117.2457
92555.0,33.9377,-117.1851
92551.0,33.8814,-117.2261
92553.0,33.9157,-117.2351
92551.0,33.8814,-117.2261
95037.0,37.1353,-121.6501
94043.0,37.4056,-122.0775
92562.0,33.5631,-117.2738
92562.0,33.5631,-117.2738
94559.0,38.2904,-122.2841
91950.0,32.6749,-117.0897
91950.0,32.6749,-117.0897
91950.0,32.6749,-117.0897
91320.0,34.1774,-118.9358
92660.0,33.6295,-117.8684
92860.0,33.9247,-117.5517
91343.0,34.2366,-118.4758
91606.0,34.1872,-118.3865
91602.0,34.151,-118.3663
91607.0,34.1672,-118.3989
91601.0,34.1687,-118.3713
91605.0,34.2057,-118.4001
91324.0,34.2367,-118.5466
91325.0,34.2353,-118.5188
90650.0,33.9056,-118.0818
90650.0,33.9056,-118.0818
90650.0,33.9056,-118.0818
94945.0,38.1163,-122.5714
94608.0,37.8365,-122.2804
92054.0,33.2072,-117.3573
92056.0,33.1968,-117.2831
92056.0,33.1968,-117.2831
92057.0,33.2407,-117.3025
91762.0,34.0584,-117.6665
91761.0,34.0316,-117.6187
91764.0,34.0763,-117.6254
91761.0,34.0316,-117.6187
91762.0,34.0584,-117.6665
92867.0,33.811,-117.8493
92865.0,33.8263,-117.8511
92865.0,33.8263,-117.8511
92869.0,33.7868,-117.7934
95965.0,39.6054,-121.5751
93033.0,34.1685,-119.1717
93036.0,34.2351,-119.182
93030.0,34.2141,-119.175
91331.0,34.2556,-118.4208
92264.0,33.8018,-116.517
93551.0,34.6017,-118.231
93550.0,34.4133,-118.0917
93550.0,34.4133,-118.0917
93552.0,34.5715,-118.0231
93552.0,34.5715,-118.0231
93551.0,34.6017,-118.231
94303.0,37.4673,-122.1388
91402.0,34.2262,-118.447
90723.0,33.8969,-118.1632
91104.0,34.1678,-118.1261
92571.0,33.811,-117.218
94952.0,38.2403,-122.6777
90660.0,33.9886,-118.0883
94564.0,37.9969,-122.2875
92870.0,33.8744,-117.8543
94523.0,37.954,-122.0737
94523.0,37.954,-122.0737
91766.0,34.0418,-117.7569
91767.0,34.0812,-117.7362
91766.0,34.0418,-117.7569
93041.0,34.1626,-119.1973
93257.0,36.0686,-119.0315
93257.0,36.0686,-119.0315
93257.0,36.0686,-119.0315
92064.0,32.9756,-117.0402
91701.0,34.1376,-117.5999
91730.0,34.107,-117.5941
92270.0,33.7643,-116.4225
96002.0,40.5486,-122.3339
92374.0,34.065,-117.1672
92374.0,34.065,-117.1672
92373.0,34.0397,-117.1804
94061.0,37.4647,-122.2304
94063.0,37.4815,-122.2091
94063.0,37.4815,-122.2091
91335.0,34.2007,-118.5391
91335.0,34.2007,-118.5391
92376.0,34.1132,-117.3771
92376.0,34.1132,-117.3771
92376.0,34.1132,-117.3771
94806.0,37.9724,-122.3369
94805.0,37.9417,-122.3238
93555.0,35.6225,-117.6709
92507.0,33.9761,-117.3389
92508.0,33.8897,-117.3043
92506.0,33.9455,-117.3757
92506.0,33.9455,-117.3757
92503.0,33.9208,-117.4589
92501.0,33.9924,-117.3694
92505.0,33.9228,-117.4867
92509.0,34.0033,-117.445
92505.0,33.9228,-117.4867
92503.0,33.9208,-117.4589
95677.0,38.7877,-121.2366
95765.0,38.8136,-121.2677
93560.0,34.8664,-118.3409
91770.0,34.0658,-118.0853
91770.0,34.0658,-118.0853
95661.0,38.7346,-121.234
91748.0,33.9818,-117.8969
95814.0,38.5804,-121.4922
95825.0,38.5892,-121.4057
95825.0,38.5892,-121.4057
95834.0,38.6383,-121.5072
95842.0,38.6865,-121.3494
95833.0,38.6157,-121.5053
95841.0,38.6627,-121.3406
95817.0,38.5498,-121.4583
95828.0,38.4826,-121.4006
93906.0,36.7103,-121.6438
93906.0,36.7103,-121.6438
92275.0,33.3092,-115.9578
92407.0,34.2166,-117.3908
92404.0,34.1426,-117.2606
92407.0,34.2166,-117.3908
92410.0,34.1069,-117.2975
92410.0,34.1069,-117.2975
94066.0,37.6247,-122.429
94066.0,37.6247,-122.429
92673.0,33.4615,-117.6375
92128.0,33.0067,-117.069
92108.0,32.7783,-117.1335
92154.0,32.5753,-117.0707
92105.0,32.7423,-117.0947
92136.0,32.6834,-117.1219
92104.0,32.7454,-117.1272
92123.0,32.7973,-117.1392
92154.0,32.5753,-117.0707
92102.0,32.7139,-117.1219
92110.0,32.7635,-117.2028
92110.0,32.7635,-117.2028
92105.0,32.7423,-117.0947
92111.0,32.7972,-117.1708
92111.0,32.7972,-117.1708
92126.0,32.9161,-117.1402
92126.0,32.9161,-117.1402
91773.0,34.1023,-117.8169
91340.0,34.2875,-118.4352
94103.0,37.7725,-122.4147
91776.0,34.089,-118.0955
92583.0,33.7967,-116.9324
95122.0,37.3293,-121.8339
95125.0,37.296,-121.8939
95110.0,37.3391,-121.9016
95127.0,37.3692,-121.8208
95121.0,37.3042,-121.8099
95111.0,37.2827,-121.8265
95110.0,37.3391,-121.9016
95123.0,37.2458,-121.8306
95123.0,37.2458,-121.8306
95123.0,37.2458,-121.8306
95123.0,37.2458,-121.8306
95134.0,37.4087,-121.9406
92675.0,33.5085,-117.6565
94578.0,37.7024,-122.124
94578.0,37.7024,-122.124
93405.0,35.2901,-120.6817
92069.0,33.1444,-117.1697
92069.0,33.1444,-117.1697
94404.0,37.5538,-122.27
94401.0,37.5735,-122.3225
94806.0,37.9724,-122.3369
90731.0,33.7339,-118.2914
90731.0,33.7339,-118.2914
94901.0,37.9691,-122.5105
94583.0,37.7562,-121.9522
92701.0,33.7523,-117.8541
92706.0,33.7691,-117.8855
92705.0,33.754,-117.7919
92703.0,33.7489,-117.9072
92705.0,33.754,-117.7919
92704.0,33.7249,-117.909
92704.0,33.7249,-117.909
92704.0,33.7249,-117.909
92703.0,33.7489,-117.9072
92706.0,33.7691,-117.8855
95050.0,37.3492,-121.953
91387.0,34.4132,-118.426
91350.0,34.4336,-118.5007
93454.0,34.9545,-120.4325
90405.0,34.01,-118.4717
95404.0,38.4405,-122.7144
95401.0,38.4432,-122.7547
90740.0,33.7602,-118.0808
91411.0,34.1781,-118.4574
90807.0,33.8315,-118.1811
93065.0,34.2656,-118.7653
93063.0,34.3046,-118.6844
93065.0,34.2656,-118.7653
90280.0,33.9462,-118.2013
90280.0,33.9462,-118.2013
96150.0,38.917,-119.9865
94080.0,37.6574,-122.4235
91977.0,32.724,-116.9976
91977.0,32.724,-116.9976
90680.0,33.7991,-117.9956
95219.0,38.01,-121.3698
95207.0,38.0024,-121.3238
95207.0,38.0024,-121.3238
91040.0,34.2618,-118.3371
94085.0,37.3886,-122.0177
91342.0,34.3054,-118.4322
93268.0,35.1482,-119.4557
92591.0,33.5217,-117.1286
92592.0,33.4983,-117.0958
91320.0,34.1774,-118.9358
91362.0,34.1948,-118.8232
93272.0,36.0546,-119.3078
90502.0,33.8286,-118.292
90503.0,33.8397,-118.3542
90504.0,33.8708,-118.3295
90505.0,33.8106,-118.3507
95304.0,37.7319,-121.4096
95376.0,37.7383,-121.4345
95376.0,37.7383,-121.4345
93274.0,36.2022,-119.338
93274.0,36.2022,-119.338
95380.0,37.4888,-120.8535
92780.0,33.7364,-117.8229
92780.0,33.7364,-117.8229
92782.0,33.7346,-117.7869
92277.0,34.1455,-116.0601
94587.0,37.5895,-122.0497
91608.0,34.1383,-118.3528
91786.0,34.1144,-117.6583
91784.0,34.141,-117.6581
94591.0,38.0985,-122.2124
94590.0,38.1053,-122.2474
91405.0,34.2001,-118.4456
91406.0,34.2006,-118.4868
91411.0,34.1781,-118.4574
91405.0,34.2001,-118.4456
90291.0,33.9938,-118.4635
93003.0,34.2846,-119.2222
93003.0,34.2846,-119.2222
92395.0,34.5016,-117.2944
92392.0,34.4802,-117.4082
92392.0,34.4802,-117.4082
93291.0,36.3551,-119.301
93291.0,36.3551,-119.301
93277.0,36.3114,-119.3065
92084.0,33.2131,-117.2243
92083.0,33.1978,-117.2482
92081.0,33.1644,-117.2403
94596.0,37.9053,-122.0549
93280.0,35.648,-119.4487
91791.0,34.0653,-117.8978
91792.0,34.0229,-117.8975
91790.0,34.0673,-117.9366
91362.0,34.1948,-118.8232
92683.0,33.7524,-117.9939
92683.0,33.7524,-117.9939
90601.0,34.0011,-118.0371
90605.0,33.9413,-118.0356
90603.0,33.9432,-117.9927
90744.0,33.7855,-118.2645
95776.0,38.6808,-121.7411
91364.0,34.1557,-118.6
92886.0,33.9058,-117.7865
92399.0,34.0282,-117.0489
92284.0,34.1559,-116.4313
81102.0,37.476,-105.8818
81101.0,37.4703,-105.8786
80002.0,39.7945,-105.0984
80012.0,39.6987,-104.8377
80012.0,39.6987,-104.8377
80012.0,39.6987,-104.8377
80011.0,39.7378,-104.8152
80012.0,39.6987,-104.8377
80013.0,39.6575,-104.7846
80013.0,39.6575,-104.7846
80015.0,39.6255,-104.7874
80016.0,39.6012,-104.7394
80513.0,40.2993,-105.1055
80301.0,40.0497,-105.2143
80601.0,39.943,-104.7866
80601.0,39.943,-104.7866
80021.0,39.8854,-105.1139
80807.0,39.3106,-102.2583
81212.0,38.4451,-105.2178
80104.0,39.3722,-104.8561
80112.0,39.5805,-104.9011
80122.0,39.5814,-104.9557
81520.0,39.0805,-108.4496
80909.0,38.852,-104.7735
80906.0,38.7902,-104.8199
80916.0,38.8076,-104.7403
80922.0,38.905,-104.6982
80917.0,38.886,-104.7399
80906.0,38.7902,-104.8199
80922.0,38.905,-104.6982
80907.0,38.876,-104.817
80915.0,38.8558,-104.7134
80922.0,38.905,-104.6982
80916.0,38.8076,-104.7403
80907.0,38.876,-104.817
80920.0,38.9497,-104.767
80920.0,38.9497,-104.767
80913.0,38.73,-104.7536
80022.0,39.8259,-104.9113
80022.0,39.8259,-104.9113
80022.0,39.8259,-104.9113
81321.0,37.3549,-108.5837
81625.0,40.5224,-107.5615
81416.0,38.7349,-108.0604
80204.0,39.734,-105.0259
80239.0,39.7878,-104.8288
80219.0,39.6956,-105.0341
80207.0,39.7584,-104.9177
80246.0,39.7086,-104.9312
80220.0,39.7312,-104.9129
80216.0,39.7835,-104.9669
80249.0,39.7783,-104.7557
80221.0,39.838,-104.9988
80229.0,39.8671,-104.9227
80231.0,39.6793,-104.8843
80216.0,39.7835,-104.9669
80249.0,39.7783,-104.7557
80249.0,39.7783,-104.7557
80231.0,39.6793,-104.8843
80219.0,39.6956,-105.0341
81301.0,37.2874,-107.8617
80214.0,39.7436,-105.0643
80113.0,39.6405,-104.9614
80112.0,39.5805,-104.9011
80112.0,39.5805,-104.9011
80831.0,38.9541,-104.5472
80504.0,40.1306,-104.9504
80524.0,40.5986,-105.0581
80525.0,40.5384,-105.0547
80525.0,40.5384,-105.0547
80621.0,40.108,-104.8013
80701.0,40.2541,-103.8031
80817.0,38.6996,-104.7005
81521.0,39.1637,-108.7218
81601.0,39.5296,-107.3252
81601.0,39.5296,-107.3252
80401.0,39.7305,-105.1915
81501.0,39.0783,-108.5457
81507.0,39.0157,-108.6129
80634.0,40.4109,-104.7541
80634.0,40.4109,-104.7541
80634.0,40.4109,-104.7541
81050.0,37.9546,-103.6644
80226.0,39.7123,-105.0918
80228.0,39.6888,-105.156
80227.0,39.6667,-105.0854
80226.0,39.7123,-105.0918
80214.0,39.7436,-105.0643
81052.0,38.0841,-102.6192
80461.0,39.2497,-106.3015
80828.0,39.2713,-103.6856
80127.0,39.592,-105.1328
80123.0,39.6206,-105.0901
80128.0,39.5918,-105.0832
80126.0,39.5437,-104.9691
80123.0,39.6206,-105.0901
80124.0,39.5517,-104.8863
80501.0,40.1779,-105.1009
80537.0,40.3849,-105.0916
80538.0,40.4262,-105.09
81144.0,37.5731,-106.1408
81401.0,38.4678,-107.8752
80233.0,39.9015,-104.9407
80134.0,39.4895,-104.8447
80134.0,39.4895,-104.8447
81001.0,38.2879,-104.5848
81004.0,38.2441,-104.6278
81008.0,38.3133,-104.6284
80110.0,39.6463,-105.0092
80498.0,39.7647,-106.2211
80751.0,40.6306,-103.2212
80233.0,39.9015,-104.9407
80602.0,39.9636,-104.9072
80233.0,39.9015,-104.9407
81082.0,37.2691,-104.5038
80021.0,39.8854,-105.1139
80260.0,39.8672,-105.0041
80234.0,39.9108,-105.0109
80023.0,39.9619,-105.0148
80003.0,39.8286,-105.0655
80033.0,39.774,-105.0962
80550.0,40.4837,-104.8994
80759.0,40.1301,-102.7072
6401.0,,
6037.0,,
6241.0,,
6351.0,,
6042.0,,
6042.0,,
6460.0,,
6460.0,,
6460.0,,
6473.0,,
6473.0,,
6477.0,,
6489.0,,
6611.0,,
6704.0,,
6385.0,,
6095.0,,
20002.0,38.9024,-76.9901
20010.0,38.9327,-77.0322
20011.0,38.9518,-77.0203
19701.0,39.6102,-75.6747
19901.0,39.1564,-75.4955
19702.0,39.6349,-75.6993
19702.0,39.6349,-75.6993
19973.0,38.6404,-75.6041
19977.0,39.2934,-75.6008
19808.0,39.7359,-75.6647
32615.0,29.8135,-82.472
32701.0,28.6666,-81.365
32714.0,28.6625,-81.4117
32712.0,28.712,-81.5136
32703.0,28.6354,-81.4888
34266.0,27.1861,-81.8667
32233.0,30.3483,-81.4159
33823.0,28.0724,-81.8122
33825.0,27.6001,-81.5015
33830.0,27.8957,-81.8127
34420.0,29.0531,-82.0375
32424.0,30.4394,-85.062
33433.0,26.3464,-80.1564
33428.0,26.3446,-80.2109
33431.0,26.3799,-80.0975
33431.0,26.3799,-80.0975
32425.0,30.8464,-85.69
34135.0,26.3771,-81.7334
33437.0,26.5312,-80.1418
33426.0,26.5175,-80.0834
33436.0,26.5354,-80.1124
34211.0,27.45,-82.3773
34203.0,27.4547,-82.5359
34208.0,27.4678,-82.512
34207.0,27.4394,-82.5778
34208.0,27.4678,-82.512
34209.0,27.4759,-82.6167
33511.0,27.9056,-82.2881
34601.0,28.5658,-82.3737
33513.0,28.6611,-82.1553
32011.0,30.552,-81.8145
32533.0,30.6143,-87.3251
33909.0,26.6939,-81.9452
33909.0,26.6939,-81.9452
33991.0,26.6281,-82.0182
33914.0,26.5557,-82.0206
32707.0,28.6617,-81.3122
32707.0,28.6617,-81.3122
32626.0,29.4832,-82.8809
33761.0,28.031,-82.7239
33765.0,27.9902,-82.7433
33764.0,27.916,-82.7343
33767.0,27.9598,-82.8286
34711.0,28.5525,-81.7574
34711.0,28.5525,-81.7574
34711.0,28.5525,-81.7574
34711.0,28.5525,-81.7574
32927.0,28.4566,-80.7978
32931.0,28.3325,-80.6121
33065.0,26.2729,-80.2603
33067.0,26.3033,-80.2415
33076.0,26.3168,-80.2753
32327.0,30.2108,-84.3205
32536.0,30.7644,-86.5917
33525.0,28.3318,-82.2446
33004.0,26.0476,-80.1447
33837.0,28.1963,-81.6079
33325.0,26.1097,-80.3215
33328.0,26.0671,-80.2723
33328.0,26.0671,-80.2723
32114.0,29.2012,-81.0371
32118.0,29.2219,-81.0095
32117.0,29.2353,-81.0658
33442.0,26.3124,-80.1412
32435.0,30.721,-86.1152
32724.0,29.0422,-81.2863
32720.0,29.0266,-81.3349
32725.0,28.8989,-81.2473
32738.0,28.9093,-81.1922
32541.0,30.3949,-86.4692
32550.0,30.385,-86.3473
34432.0,29.1015,-82.3413
32809.0,28.4637,-81.3948
34219.0,27.5572,-82.396
33928.0,26.4351,-81.8102
32726.0,28.855,-81.6789
33316.0,26.1042,-80.126
33334.0,26.1845,-80.1344
33306.0,26.1656,-80.1118
33312.0,26.0968,-80.181
33913.0,26.5228,-81.7065
33913.0,26.5228,-81.7065
33908.0,26.5025,-81.9276
33905.0,26.6693,-81.7605
33912.0,26.4972,-81.8246
33908.0,26.5025,-81.9276
33908.0,26.5025,-81.9276
33919.0,26.5567,-81.9034
33905.0,26.6693,-81.7605
34950.0,27.4486,-80.3385
32548.0,30.4206,-86.6286
32547.0,30.4487,-86.6255
32601.0,29.6489,-82.325
32608.0,29.6132,-82.3873
32605.0,29.6785,-82.3679
32607.0,29.6456,-82.4033
32043.0,29.9983,-81.7647
33413.0,26.6555,-80.1596
34736.0,28.5644,-81.8745
32561.0,30.3571,-87.1639
33844.0,28.1145,-81.6201
33009.0,25.985,-80.1407
32333.0,30.6092,-84.4143
33012.0,25.8654,-80.3059
33014.0,25.8963,-80.3063
33012.0,25.8654,-80.3059
33010.0,25.8325,-80.2808
33015.0,25.9388,-80.3165
33016.0,25.8803,-80.3368
33013.0,25.8594,-80.2725
33021.0,26.0218,-80.1891
33030.0,25.4766,-80.4839
33033.0,25.4906,-80.438
33034.0,25.2846,-80.6246
34447.0,28.8049,-82.5743
34667.0,28.3648,-82.6757
34450.0,28.834,-82.2822
32254.0,30.3415,-81.7358
32257.0,30.1927,-81.605
32246.0,30.2933,-81.5092
32225.0,30.351,-81.5061
32256.0,30.2214,-81.5571
32218.0,30.4507,-81.6626
32224.0,30.3031,-81.4404
32224.0,30.3031,-81.4404
32207.0,30.2908,-81.6321
32225.0,30.351,-81.5061
32218.0,30.4507,-81.6626
32246.0,30.2933,-81.5092
32246.0,30.2933,-81.5092
32207.0,30.2908,-81.6321
32208.0,30.3937,-81.6889
32207.0,30.2908,-81.6321
32277.0,30.3704,-81.5864
32210.0,30.2687,-81.7473
32221.0,30.2837,-81.8202
32244.0,30.2231,-81.7556
32256.0,30.2214,-81.5571
32205.0,30.3172,-81.722
32222.0,30.2292,-81.8131
32222.0,30.2292,-81.8131
32250.0,30.2801,-81.4165
33458.0,26.9339,-80.1201
33040.0,24.5552,-81.7816
34743.0,28.3306,-81.3544
34744.0,28.3078,-81.3681
34744.0,28.3078,-81.3681
34747.0,28.3037,-81.5898
34747.0,28.3037,-81.5898
34746.0,28.268,-81.4675
34746.0,28.268,-81.4675
34746.0,28.268,-81.4675
34746.0,28.268,-81.4675
34747.0,28.3037,-81.5898
34747.0,28.3037,-81.5898
34759.0,28.0946,-81.499
33935.0,26.7321,-81.434
32159.0,28.9299,-81.9256
32025.0,30.1601,-82.6396
32746.0,28.7577,-81.3508
33852.0,27.2945,-81.3649
33853.0,27.9002,-81.5847
33461.0,26.6232,-80.0946
33467.0,26.6104,-80.1683
33467.0,26.6104,-80.1683
33803.0,28.014,-81.9523
33813.0,27.9611,-81.9398
33803.0,28.014,-81.9523
33809.0,28.1762,-81.9591
33809.0,28.1762,-81.9591
33810.0,28.1479,-82.0372
33813.0,27.9611,-81.9398
33809.0,28.1762,-81.9591
33462.0,26.5747,-80.0794
33774.0,27.8839,-82.8265
33770.0,27.917,-82.8027
33311.0,26.1421,-80.1728
34748.0,28.808,-81.8858
34788.0,28.8887,-81.7827
33936.0,26.5936,-81.6619
33547.0,27.8293,-82.1357
32060.0,30.1759,-83.0304
32779.0,28.7168,-81.4126
33548.0,28.1385,-82.4821
33549.0,28.1367,-82.461
33549.0,28.1367,-82.461
32444.0,30.2362,-85.6467
32063.0,30.2737,-82.1325
33063.0,26.2674,-80.2092
32448.0,30.6749,-85.2122
32448.0,30.6749,-85.2122
32569.0,30.4085,-86.7352
32901.0,28.0691,-80.62
32934.0,28.1331,-80.7112
32940.0,28.2061,-80.685
32940.0,28.2061,-80.685
32952.0,28.2764,-80.6568
32953.0,28.3888,-80.7301
33174.0,25.7628,-80.3611
33178.0,25.8141,-80.3549
33165.0,25.7343,-80.3588
33174.0,25.7628,-80.3611
33175.0,25.7341,-80.4068
33122.0,25.8001,-80.281
33168.0,25.8902,-80.2101
33184.0,25.7574,-80.403
33186.0,25.6694,-80.4085
33196.0,25.6615,-80.441
33176.0,25.6574,-80.3627
33135.0,25.7664,-80.2317
33177.0,25.5968,-80.4046
33177.0,25.5968,-80.4046
33157.0,25.6062,-80.3426
33169.0,25.9441,-80.2144
33142.0,25.813,-80.232
33142.0,25.813,-80.232
33142.0,25.813,-80.232
33033.0,25.4906,-80.438
33137.0,25.8156,-80.1897
33145.0,25.7539,-80.2253
33134.0,25.768,-80.2714
33166.0,25.8301,-80.2926
33144.0,25.7626,-80.3096
33143.0,25.7022,-80.2978
33193.0,25.6964,-80.4401
33155.0,25.7392,-80.3103
33156.0,25.6682,-80.2973
33143.0,25.7022,-80.2978
33144.0,25.7626,-80.3096
33186.0,25.6694,-80.4085
33174.0,25.7628,-80.3611
33173.0,25.6992,-80.3618
33141.0,25.8486,-80.1446
33056.0,25.942,-80.2456
33055.0,25.9476,-80.2778
33014.0,25.8963,-80.3063
33138.0,25.8521,-80.1821
32068.0,30.084,-81.8645
32570.0,30.6604,-87.0473
33023.0,25.9894,-80.2153
32550.0,30.385,-86.3473
32344.0,30.5197,-83.8925
32757.0,28.774,-81.6439
34113.0,26.0426,-81.7182
34119.0,26.2665,-81.7146
34116.0,26.1873,-81.711
33032.0,25.5303,-80.3918
32566.0,30.4212,-86.8926
34653.0,28.2444,-82.6986
32168.0,29.0247,-80.9584
32578.0,30.5169,-86.4822
33068.0,26.216,-80.2205
33161.0,25.8934,-80.1758
33181.0,25.8965,-80.157
33162.0,25.9286,-80.183
34288.0,27.0498,-82.1288
34287.0,27.0478,-82.2416
34470.0,29.1989,-82.0874
34473.0,29.0058,-82.1828
34474.0,29.1565,-82.2095
34471.0,29.1605,-82.1288
34475.0,29.2573,-82.161
34481.0,29.1281,-82.2975
34472.0,29.1253,-82.0086
34761.0,28.5837,-81.5326
34761.0,28.5837,-81.5326
33556.0,28.1421,-82.5905
34974.0,27.2002,-80.841
33055.0,25.9476,-80.2778
32763.0,28.9453,-81.2995
32073.0,30.1637,-81.7291
32003.0,30.0933,-81.719
32065.0,30.1382,-81.7742
32817.0,28.5891,-81.2277
32807.0,28.5515,-81.3051
32827.0,28.4317,-81.343
32806.0,28.514,-81.357
32836.0,28.4115,-81.525
32820.0,28.5725,-81.1219
32811.0,28.5163,-81.4516
32839.0,28.4871,-81.4082
32811.0,28.5163,-81.4516
32808.0,28.5803,-81.4396
32828.0,28.5523,-81.1795
32828.0,28.5523,-81.1795
32837.0,28.3949,-81.4179
32804.0,28.5754,-81.3955
32812.0,28.4998,-81.3288
32839.0,28.4871,-81.4082
32819.0,28.4522,-81.4678
32825.0,28.5469,-81.2571
32805.0,28.5302,-81.4045
32818.0,28.5801,-81.4846
32825.0,28.5469,-81.2571
32819.0,28.4522,-81.4678
32819.0,28.4522,-81.4678
32837.0,28.3949,-81.4179
32822.0,28.4944,-81.2902
32828.0,28.5523,-81.1795
32809.0,28.4637,-81.3948
32819.0,28.4522,-81.4678
32176.0,29.3222,-81.0584
32765.0,28.6513,-81.2066
32765.0,28.6513,-81.2066
32571.0,30.6698,-87.1794
32571.0,30.6698,-87.1794
32177.0,29.6577,-81.6595
32909.0,27.9694,-80.6473
32905.0,28.0313,-80.5995
32907.0,28.0168,-80.6739
33403.0,26.8035,-80.0756
33410.0,26.8234,-80.1387
32137.0,29.5565,-81.219
32164.0,29.4861,-81.2045
32164.0,29.4861,-81.2045
34221.0,27.5429,-82.563
32405.0,30.1949,-85.6727
32404.0,30.1653,-85.5763
32413.0,30.3105,-85.9106
32413.0,30.3105,-85.9106
32408.0,30.1655,-85.7116
33026.0,26.0229,-80.2974
33025.0,25.9921,-80.2712
33026.0,26.0229,-80.2974
33029.0,25.9924,-80.4089
33024.0,26.0296,-80.2489
32507.0,30.3737,-87.3126
32507.0,30.3737,-87.3126
32507.0,30.3737,-87.3126
32534.0,30.5301,-87.2793
32503.0,30.4564,-87.2104
32504.0,30.4873,-87.1872
32526.0,30.4756,-87.3179
32505.0,30.4481,-87.2589
32526.0,30.4756,-87.3179
32347.0,30.1668,-83.616
33781.0,27.8387,-82.7151
33563.0,28.013,-82.1339
33064.0,26.2785,-80.1157
33060.0,26.2315,-80.1235
33068.0,26.216,-80.2205
33952.0,26.9905,-82.0964
33980.0,26.9298,-82.0454
32127.0,29.1383,-80.9956
32128.0,29.1383,-80.9956
34668.0,28.3011,-82.6927
34952.0,27.2889,-80.298
34952.0,27.2889,-80.298
34987.0,27.2606,-80.4771
32456.0,29.8119,-85.303
33032.0,25.5303,-80.3918
32351.0,30.5867,-84.6094
33578.0,27.8633,-82.3499
33578.0,27.8633,-82.3499
33569.0,27.845,-82.3125
33569.0,27.845,-82.3125
32955.0,28.3134,-80.7319
33411.0,26.6644,-80.1741
32084.0,29.9175,-81.3668
32086.0,29.8285,-81.3237
32092.0,29.9475,-81.5264
34771.0,28.273,-81.2003
34769.0,28.248,-81.2876
32259.0,30.0815,-81.5477
33713.0,27.789,-82.6779
33704.0,27.7954,-82.6373
33709.0,27.8201,-82.7308
33709.0,27.8201,-82.7308
33711.0,27.7465,-82.6897
33702.0,27.8427,-82.6448
32771.0,28.8013,-81.285
32771.0,28.8013,-81.285
32771.0,28.8013,-81.285
32773.0,28.7644,-81.282
34243.0,27.4072,-82.5303
34235.0,27.3672,-82.4848
34233.0,27.2866,-82.477
34231.0,27.2666,-82.5163
32937.0,28.178,-80.602
33870.0,27.4924,-81.4357
33584.0,27.9922,-82.2863
33772.0,27.8466,-82.7954
32460.0,30.7276,-84.9337
33707.0,27.7549,-82.7208
32409.0,30.3117,-85.6923
34606.0,28.4655,-82.5981
34606.0,28.4655,-82.5981
32259.0,30.0815,-81.5477
32091.0,29.9583,-82.1185
34994.0,27.1968,-80.2538
34994.0,27.1968,-80.2538
34491.0,29.0112,-82.0325
33573.0,27.7147,-82.3538
33326.0,26.1158,-80.3681
33322.0,26.1502,-80.2745
32304.0,30.4478,-84.3211
32301.0,30.4286,-84.2593
32308.0,30.4771,-84.2246
32311.0,30.4156,-84.187
32303.0,30.4874,-84.3189
32310.0,30.3991,-84.3298
33321.0,26.212,-80.2696
33635.0,28.0301,-82.6048
33625.0,28.0726,-82.559
33635.0,28.0301,-82.6048
33607.0,27.9625,-82.4895
33612.0,28.0502,-82.45
33647.0,28.1147,-82.3678
33612.0,28.0502,-82.45
33614.0,28.0091,-82.5034
33614.0,28.0091,-82.5034
33609.0,27.9425,-82.5057
33611.0,27.8914,-82.5067
33624.0,28.079,-82.5268
33606.0,27.9475,-82.4584
33634.0,28.0068,-82.556
33634.0,28.0068,-82.556
33612.0,28.0502,-82.45
34689.0,28.1385,-82.743
33617.0,28.0384,-82.3949
32780.0,28.5697,-80.8191
32780.0,28.5697,-80.8191
32784.0,28.9254,-81.6801
33594.0,27.9408,-82.242
33594.0,27.9408,-82.242
32966.0,27.6372,-80.4794
32962.0,27.5885,-80.3923
33873.0,27.5517,-81.8074
33543.0,28.2397,-82.3279
33543.0,28.2397,-82.3279
32904.0,28.0673,-80.678
33411.0,26.6644,-80.1741
33401.0,26.7165,-80.0679
33409.0,26.7162,-80.0965
33409.0,26.7162,-80.0965
33414.0,26.6587,-80.2414
34785.0,28.8454,-82.0347
32696.0,29.3977,-82.4856
34786.0,28.5006,-81.5354
34787.0,28.5423,-81.5911
33884.0,27.981,-81.6736
33880.0,27.9873,-81.7625
32789.0,28.5978,-81.3534
32792.0,28.5974,-81.3036
32708.0,28.6831,-81.2814
32097.0,30.6222,-81.5906
32097.0,30.6222,-81.5906
32097.0,30.6222,-81.5906
33542.0,28.2303,-82.1779
30101.0,34.0756,-84.6477
30101.0,34.0756,-84.6477
30101.0,34.0756,-84.6477
30103.0,34.3595,-84.9176
31620.0,31.1251,-83.4213
31705.0,31.5464,-84.0783
31707.0,31.5789,-84.2118
31510.0,31.5465,-82.4633
30022.0,34.0268,-84.2422
30004.0,34.1124,-84.302
30004.0,34.1124,-84.302
31709.0,32.0404,-84.2153
30605.0,33.9321,-83.3525
30601.0,33.9761,-83.3632
30346.0,33.9267,-84.3334
30307.0,33.7691,-84.336
30318.0,33.7865,-84.4454
30345.0,33.8513,-84.287
30315.0,33.7051,-84.3808
30303.0,33.7525,-84.3888
30324.0,33.8206,-84.3549
30339.0,33.8713,-84.4629
30305.0,33.832,-84.3851
30329.0,33.8236,-84.3214
30331.0,33.7224,-84.5205
30363.0,33.791,-84.3992
30308.0,33.7718,-84.3757
30342.0,33.8842,-84.3761
30360.0,33.9378,-84.2716
30318.0,33.7865,-84.4454
30350.0,33.9795,-84.3411
30011.0,34.0191,-83.8261
30906.0,33.3589,-82.0099
30909.0,33.4717,-82.0834
30904.0,33.4737,-82.0131
30906.0,33.3589,-82.0099
30909.0,33.4717,-82.0834
30901.0,33.4601,-81.973
30106.0,33.8369,-84.6307
39819.0,30.9039,-84.569
31513.0,31.7837,-82.3486
30620.0,33.9261,-83.7282
31516.0,31.2931,-82.2617
39823.0,31.3791,-84.9353
30513.0,34.8555,-84.3281
30110.0,33.7309,-85.1286
31525.0,31.2804,-81.5305
31525.0,31.2804,-81.5305
31520.0,31.1807,-81.4949
39828.0,30.8768,-84.2091
30701.0,34.4965,-84.9345
31730.0,31.2199,-84.2297
30115.0,34.1993,-84.4199
30115.0,34.1993,-84.4199
30114.0,34.2505,-84.4909
30115.0,34.1993,-84.4199
30117.0,33.5798,-85.0812
30117.0,33.5798,-85.0812
30120.0,34.187,-84.8204
30121.0,34.2079,-84.7673
30341.0,33.8879,-84.2905
30705.0,34.7589,-84.7943
30707.0,34.858,-85.3221
30417.0,32.165,-81.908
30525.0,34.8826,-83.4065
31014.0,32.3981,-83.3229
30349.0,33.6053,-84.4813
31904.0,32.5161,-84.9785
31907.0,32.4779,-84.898
30529.0,34.2134,-83.448
30094.0,33.6111,-84.0683
30013.0,33.6436,-83.9684
30012.0,33.7192,-84.0021
31015.0,31.9566,-83.7835
30531.0,34.5209,-83.5453
30014.0,33.5293,-83.8496
30040.0,34.2321,-84.158
30041.0,34.2037,-84.1031
30019.0,33.9883,-83.8795
30533.0,34.5299,-83.9798
30157.0,33.9045,-84.8621
30157.0,33.9045,-84.8621
30132.0,33.9163,-84.8278
30721.0,34.7792,-84.9339
31305.0,31.3826,-81.4312
39842.0,31.7703,-84.5238
30030.0,33.7699,-84.295
30035.0,33.7278,-84.2143
30034.0,33.6954,-84.2489
39845.0,31.0505,-84.8801
31533.0,31.4973,-82.8465
30135.0,33.6989,-84.7454
30135.0,33.6989,-84.7454
30134.0,33.7606,-84.7477
30134.0,33.7606,-84.7477
31021.0,32.4593,-82.9381
30096.0,33.9845,-84.1529
30096.0,33.9845,-84.1529
30097.0,34.026,-84.147
30344.0,33.6919,-84.448
31024.0,33.3127,-83.3628
30635.0,34.1082,-82.8448
30294.0,33.6166,-84.2939
30809.0,33.5412,-82.1398
30809.0,33.5412,-82.1398
30213.0,33.5648,-84.5809
30214.0,33.4679,-84.4806
30215.0,33.3943,-84.4738
30542.0,34.1819,-83.9024
31537.0,30.8508,-82.0116
31029.0,33.0508,-83.9362
30742.0,34.9506,-85.2432
31030.0,32.5496,-83.8887
30501.0,34.3073,-83.8256
31408.0,32.1082,-81.1746
30427.0,31.9467,-81.9483
31032.0,33.0172,-83.54
30642.0,33.5637,-83.1702
30223.0,33.2549,-84.2728
30224.0,33.2404,-84.2734
30813.0,33.4504,-82.1982
30228.0,33.4124,-84.2947
30814.0,33.417,-82.3097
30643.0,34.3571,-82.9296
31539.0,31.8606,-82.5909
30815.0,33.3433,-82.0887
31313.0,31.8513,-81.6072
31313.0,31.8513,-81.6072
31634.0,31.0509,-82.7613
30548.0,34.0866,-83.7803
30233.0,33.282,-83.9784
30143.0,34.462,-84.4759
30549.0,34.1062,-83.5708
31545.0,31.6043,-81.8871
30236.0,33.5242,-84.359
31047.0,32.4672,-83.6128
30144.0,34.0287,-84.6047
30144.0,34.0287,-84.6047
30144.0,34.0287,-84.6047
30728.0,34.692,-85.2602
30240.0,33.0243,-85.0739
30260.0,33.5849,-84.3247
31636.0,30.6906,-83.1753
30553.0,34.4528,-83.113
30046.0,33.9496,-83.9942
30043.0,34.0031,-84.0126
30044.0,33.9418,-84.0706
30045.0,33.9367,-83.9573
30044.0,33.9418,-84.0706
31763.0,31.6812,-84.1593
30047.0,33.8656,-84.0725
30047.0,33.8656,-84.0725
30147.0,34.1707,-85.1825
30122.0,33.7655,-84.6469
30058.0,33.7356,-84.1009
30058.0,33.7356,-84.1009
30248.0,33.3449,-84.0982
30052.0,33.8769,-83.8968
30434.0,33.0163,-82.3836
30126.0,33.8332,-84.6031
31206.0,32.7914,-83.679
31210.0,32.8926,-83.7455
30064.0,33.9343,-84.6076
30062.0,34.0025,-84.4633
30062.0,34.0025,-84.4633
30060.0,33.9382,-84.5403
30062.0,34.0025,-84.4633
30907.0,33.5229,-82.0852
31055.0,32.068,-82.9007
30252.0,33.4768,-84.055
30253.0,33.451,-84.1544
30253.0,33.451,-84.1544
30253.0,33.451,-84.1544
30439.0,32.401,-82.0607
30655.0,33.7883,-83.7013
31788.0,31.0855,-83.6821
31639.0,31.2074,-83.2319
30263.0,33.3696,-84.8194
30265.0,33.3958,-84.7121
30092.0,33.9701,-84.2216
30093.0,33.906,-84.184
30566.0,34.2372,-83.894
30269.0,33.3915,-84.5635
31322.0,32.1149,-81.252
30127.0,33.9135,-84.6859
30453.0,32.0548,-82.1478
31324.0,31.8962,-81.294
31326.0,32.296,-81.2354
30736.0,34.9205,-85.1549
30274.0,33.5531,-84.4003
30274.0,33.5531,-84.4003
30153.0,33.9979,-85.0594
30165.0,34.2837,-85.2231
30165.0,34.2837,-85.2231
30075.0,34.0408,-84.3859
30076.0,34.0213,-84.3104
30076.0,34.0213,-84.3104
30662.0,34.2778,-83.1406
31558.0,30.7305,-81.5465
31082.0,32.975,-82.8406
30342.0,33.8842,-84.3761
31406.0,31.989,-81.0979
31419.0,31.9959,-81.2358
31419.0,31.9959,-81.2358
31410.0,32.0175,-80.997
31404.0,32.0543,-81.0492
31406.0,31.989,-81.0979
31405.0,32.0391,-81.1242
30276.0,33.2845,-84.5918
30080.0,33.8796,-84.5023
30078.0,33.8635,-84.0081
30078.0,33.8635,-84.0081
30039.0,33.8178,-84.0229
30457.0,32.3869,-82.5871
31329.0,32.3697,-81.3618
31522.0,31.23,-81.3502
30458.0,32.4408,-81.774
30458.0,32.4408,-81.774
30666.0,33.9602,-83.5893
30281.0,33.5633,-84.2165
30281.0,33.5633,-84.2165
30088.0,33.758,-84.1802
30518.0,34.1124,-83.9965
30024.0,34.0425,-84.0262
30024.0,34.0425,-84.0262
30024.0,34.0425,-84.0262
30024.0,34.0425,-84.0262
30467.0,32.7439,-81.6287
30286.0,32.9015,-84.3324
31792.0,30.8385,-83.9696
31794.0,31.4639,-83.4999
30577.0,34.5665,-83.3114
30752.0,34.9017,-85.5171
30084.0,33.857,-84.216
30291.0,33.5832,-84.5499
31601.0,30.7539,-83.3321
31602.0,30.8931,-83.3278
30474.0,32.1934,-82.4067
30180.0,33.7173,-84.9297
31088.0,32.5934,-83.6416
31093.0,32.6368,-83.6395
31501.0,31.2243,-82.3596
30830.0,33.1013,-81.9908
30680.0,33.9985,-83.7115
30188.0,34.106,-84.5117
30189.0,34.1281,-84.5717
96701.0,21.3908,-157.9332
96706.0,21.3274,-158.0103
96720.0,19.7025,-155.0939
96720.0,19.7025,-155.0939
96720.0,19.7025,-155.0939
96814.0,21.2998,-157.8439
96822.0,21.3117,-157.8298
96817.0,21.3295,-157.8615
96816.0,21.2887,-157.8006
96818.0,21.3532,-157.9269
96818.0,21.3532,-157.9269
96817.0,21.3295,-157.8615
96816.0,21.2887,-157.8006
96818.0,21.3532,-157.9269
96732.0,20.8814,-156.4783
96732.0,20.8814,-156.4783
96734.0,21.4063,-157.7448
96734.0,21.4063,-157.7448
96740.0,19.6531,-155.9798
96744.0,21.4228,-157.8115
96707.0,21.3453,-158.087
96707.0,21.3453,-158.087
96749.0,19.5893,-154.9926
96753.0,20.7441,-156.4475
96761.0,20.9174,-156.6772
96766.0,21.9816,-159.3683
96766.0,21.9816,-159.3683
96789.0,21.4531,-158.0174
96778.0,19.5089,-154.9231
96782.0,21.4084,-157.9652
96860.0,21.316,-157.92255
96768.0,20.8469,-156.3327
96786.0,21.5006,-158.0435
96792.0,21.4352,-158.1781
96792.0,21.4352,-158.1781
96793.0,20.8966,-156.5036
96797.0,21.3982,-158.0124
50009.0,41.6475,-93.4724
50009.0,41.6475,-93.4724
50010.0,42.0379,-93.6003
50010.0,42.0379,-93.6003
50021.0,41.7212,-93.5682
50021.0,41.7212,-93.5682
52722.0,41.5509,-90.4942
52537.0,40.7324,-92.3987
52601.0,40.8087,-91.117
51401.0,42.072,-94.8667
50613.0,42.5241,-92.4497
50613.0,42.5241,-92.4497
52402.0,42.0188,-91.6612
52404.0,41.9521,-91.6853
52403.0,41.9843,-91.6259
52411.0,42.0493,-91.7263
52405.0,41.9804,-91.7098
52402.0,42.0188,-91.6612
52544.0,40.7326,-92.8728
50616.0,43.0683,-92.6761
51012.0,42.7482,-95.5568
51632.0,40.7491,-95.038
52732.0,41.8517,-90.2078
52732.0,41.8517,-90.2078
52241.0,41.6937,-91.5906
52241.0,41.6937,-91.5906
51503.0,41.2616,-95.8251
51501.0,41.2324,-95.8751
51501.0,41.2324,-95.8751
52806.0,41.5733,-90.6038
52803.0,41.5385,-90.5613
52807.0,41.5618,-90.5403
52742.0,41.8267,-90.5237
52101.0,43.3227,-91.7939
51442.0,42.0196,-95.3636
50313.0,41.6381,-93.6203
50317.0,41.6122,-93.5296
50310.0,41.6255,-93.6736
50320.0,41.5487,-93.5827
50312.0,41.5855,-93.6719
52001.0,42.515,-90.6819
50536.0,43.1082,-94.6825
51334.0,43.4017,-94.818
52556.0,41.0039,-91.9576
50501.0,42.5088,-94.1807
52627.0,40.633,-91.3398
51534.0,41.047,-95.7389
50111.0,41.7018,-93.7821
51537.0,41.6437,-95.3111
52245.0,41.6649,-91.5151
52632.0,40.4094,-91.3982
50138.0,41.3164,-93.0954
50140.0,40.6229,-93.9349
51031.0,42.7962,-96.1704
52302.0,42.0411,-91.5941
50158.0,42.0405,-92.9127
50401.0,43.1499,-93.1954
52641.0,40.9646,-91.5614
52761.0,41.4304,-91.0509
52317.0,41.7443,-91.6061
50211.0,41.4861,-93.6573
51040.0,42.037,-96.1072
50213.0,41.0295,-93.7712
52501.0,41.0309,-92.4098
50220.0,41.8397,-94.1022
51566.0,41.0079,-95.2269
51601.0,40.7581,-95.3648
51249.0,43.4069,-95.7424
51250.0,43.0814,-96.18
51103.0,42.5068,-96.4295
51105.0,42.5032,-96.3829
51301.0,43.1451,-95.1457
50588.0,42.6474,-95.1961
52342.0,42.0077,-92.5662
52773.0,41.6453,-90.7256
52353.0,41.3015,-91.6987
50701.0,42.4778,-92.3661
50702.0,42.4731,-92.3365
50263.0,41.593,-93.8592
50595.0,42.4657,-93.8262
50266.0,41.5695,-93.7994
50266.0,41.5695,-93.7994
50273.0,41.3391,-94.0088
83709.0,43.5741,-116.2941
83702.0,43.6322,-116.2052
83705.0,43.5851,-116.2191
83705.0,43.5851,-116.2191
83704.0,43.633,-116.2951
83318.0,42.5244,-113.7931
83605.0,43.6627,-116.7
83202.0,42.9357,-112.4679
83814.0,47.6928,-116.785
83328.0,42.5653,-114.614
83402.0,43.4934,-112.0578
83404.0,43.475,-112.0124
83401.0,43.5518,-111.8919
83338.0,42.7178,-114.5012
83634.0,43.487,-116.3819
83501.0,46.3646,-116.8609
83642.0,43.615,-116.3975
83642.0,43.615,-116.3975
83646.0,43.6498,-116.4306
83843.0,46.7309,-116.9897
83647.0,43.1392,-115.6963
83648.0,43.7914,-116.4012
83687.0,43.5937,-116.536
83651.0,43.5834,-116.5848
83687.0,43.5937,-116.536
83686.0,43.5441,-116.566
83661.0,44.0782,-116.9203
83201.0,42.8876,-112.4381
83852.0,48.3055,-116.5338
83854.0,47.7205,-116.9353
83263.0,42.1109,-111.8565
83858.0,47.8241,-116.8873
83440.0,43.81,-111.789
83442.0,43.6715,-111.9005
83350.0,42.6888,-113.6481
83669.0,43.7013,-116.4967
83301.0,42.5565,-114.4693
83301.0,42.5565,-114.4693
60101.0,41.9335,-88.0054
60102.0,42.1641,-88.3064
62411.0,39.0634,-88.7481
62002.0,38.9087,-90.1568
62906.0,37.4668,-89.2207
60002.0,42.4648,-88.1178
60004.0,42.112,-87.9792
61911.0,39.7077,-88.4555
61723.0,40.2586,-89.23
60506.0,41.7664,-88.3446
60504.0,41.7523,-88.2453
60506.0,41.7664,-88.3446
61607.0,40.6321,-89.6903
60510.0,41.8482,-88.3098
62618.0,40.0044,-90.4229
62223.0,38.5456,-90.0378
62226.0,38.5352,-90.0006
62221.0,38.5396,-89.9583
61008.0,42.2595,-88.8509
62812.0,38.0,-88.9227
60163.0,41.8888,-87.909
61704.0,40.4705,-88.9433
60440.0,41.6976,-88.0873
60914.0,41.1661,-87.879
60914.0,41.1661,-87.879
60455.0,41.7431,-87.8066
60155.0,41.8577,-87.8562
60155.0,41.8577,-87.8562
62206.0,38.5514,-90.1544
61520.0,40.5601,-90.0242
62901.0,37.72,-89.2158
62231.0,38.6066,-89.3805
62821.0,38.0808,-88.167
60188.0,41.9178,-88.137
60188.0,41.9178,-88.137
60110.0,42.123,-88.2606
62420.0,39.3017,-87.9913
61821.0,40.1073,-88.2788
60410.0,41.4347,-88.2138
62629.0,39.6737,-89.7112
60607.0,41.8721,-87.6578
60643.0,41.6996,-87.6628
60608.0,41.8515,-87.6694
60609.0,41.8097,-87.6533
60647.0,41.9209,-87.7043
60657.0,41.9399,-87.6528
60641.0,41.9453,-87.7474
60632.0,41.8093,-87.7052
60640.0,41.9719,-87.6624
60661.0,41.8814,-87.643
60609.0,41.8097,-87.6533
60707.0,41.9232,-87.8185
60617.0,41.7257,-87.556
61523.0,40.9013,-89.5068
60804.0,41.8378,-87.7602
60804.0,41.8378,-87.7602
62234.0,38.6835,-89.9853
